date,open,high,low,close
22-07-2019,154.75,156.45,152.45,154.45
23-07-2019,156.0,160.0,154.15,156.3
24-07-2019,157.0,161.1,155.3,158.9
25-07-2019,158.9,160.5,157.05,157.75
26-07-2019,157.75,159.0,154.8,157.6
29-07-2019,158.0,160.7,157.0,160.0
30-07-2019,160.0,161.0,157.45,160.15
31-07-2019,158.4,163.7,158.0,159.5
01-08-2019,158.0,161.6,156.25,158.15
02-08-2019,158.0,160.8,156.4,159.85
05-08-2019,158.5,158.5,153.3,155.9
06-08-2019,154.15,158.95,154.0,156.15
07-08-2019,159.0,159.0,155.5,156.1
08-08-2019,155.5,157.9,155.4,156.9
09-08-2019,157.9,160.1,155.5,159.0
13-08-2019,161.0,161.0,157.75,159.1
14-08-2019,161.0,161.0,158.5,158.7
16-08-2019,158.45,160.3,156.0,159.25
19-08-2019,161.45,161.45,159.2,159.9
20-08-2019,160.0,160.0,157.45,158.35
21-08-2019,157.0,158.8,155.45,156.1
22-08-2019,156.0,158.0,150.2,156.25
23-08-2019,158.0,158.0,154.85,157.0
26-08-2019,158.2,158.9,155.0,156.5
27-08-2019,156.25,160.0,156.25,157.2
28-08-2019,157.5,158.75,156.0,156.75
29-08-2019,156.1,157.0,153.6,154.1
30-08-2019,154.85,159.5,154.45,156.85
03-09-2019,156.5,157.5,154.1,154.55
04-09-2019,153.2,157.9,153.2,156.75
05-09-2019,155.15,157.75,155.15,156.65
06-09-2019,156.1,161.0,155.25,159.65
09-09-2019,158.65,167.95,158.0,166.55
11-09-2019,169.75,171.9,166.0,167.35
12-09-2019,169.0,169.95,164.95,166.05
13-09-2019,169.5,169.5,164.8,167.0
16-09-2019,166.6,170.7,166.35,168.8
17-09-2019,169.25,170.7,165.2,165.45
18-09-2019,167.0,168.5,162.4,163.85
19-09-2019,164.0,164.7,160.0,161.15
20-09-2019,162.0,175.8,158.3,174.9
23-09-2019,177.5,177.5,170.0,176.4
24-09-2019,176.35,176.35,171.35,172.8
25-09-2019,174.8,174.8,172.5,173.1
26-09-2019,174.8,174.8,172.25,172.9
27-09-2019,172.35,177.0,171.95,174.05
30-09-2019,175.9,178.9,172.0,177.05
01-10-2019,178.9,178.9,167.0,169.75
03-10-2019,168.95,170.9,164.25,167.6
04-10-2019,165.7,171.0,164.0,165.15
07-10-2019,165.15,166.55,160.7,162.3
09-10-2019,163.9,168.6,163.15,168.1
10-10-2019,168.75,172.0,166.15,168.85
11-10-2019,169.35,176.6,169.1,172.55
14-10-2019,172.55,175.4,172.45,174.5
15-10-2019,174.55,175.5,168.3,170.0
16-10-2019,170.5,173.7,168.1,169.0
17-10-2019,170.4,175.8,168.1,171.45
18-10-2019,173.35,173.35,163.25,165.05
22-10-2019,165.9,169.0,165.0,167.25
23-10-2019,162.55,164.85,159.05,163.25
24-10-2019,163.3,166.85,160.65,163.05
25-10-2019,162.55,164.0,160.0,161.0
27-10-2019,162.85,163.9,161.0,163.0
29-10-2019,164.0,166.4,160.65,164.15
30-10-2019,166.0,167.15,163.1,164.05
31-10-2019,165.0,172.35,164.35,167.95
01-11-2019,168.5,171.2,166.55,169.35
04-11-2019,167.3,174.7,167.3,171.45
05-11-2019,172.9,172.9,168.0,169.55
06-11-2019,169.7,171.1,167.55,168.25
07-11-2019,170.0,170.5,167.3,168.0
08-11-2019,170.55,172.4,166.6,167.35
11-11-2019,170.0,171.0,165.0,170.1
13-11-2019,167.5,173.8,167.5,170.0
14-11-2019,172.0,172.0,169.05,170.5
15-11-2019,168.55,183.7,168.55,174.9
18-11-2019,175.95,182.25,174.2,179.15
19-11-2019,180.55,182.9,177.3,179.0
20-11-2019,179.0,181.75,176.05,178.4
21-11-2019,177.15,186.8,176.05,181.65
22-11-2019,183.0,192.6,180.5,188.15
25-11-2019,189.7,194.4,188.35,189.5
26-11-2019,189.5,192.7,178.3,181.05
27-11-2019,180.15,187.5,180.15,186.0
28-11-2019,184.55,188.0,184.0,185.0
29-11-2019,185.0,189.0,183.15,185.2
02-12-2019,183.55,186.45,182.15,185.05
03-12-2019,184.15,185.95,181.2,185.35
04-12-2019,184.25,185.9,183.05,184.9
05-12-2019,184.4,184.85,180.5,181.15
06-12-2019,181.15,185.0,175.1,182.7
09-12-2019,183.5,185.0,177.0,178.95
10-12-2019,179.2,181.5,175.65,180.0
11-12-2019,178.15,180.35,170.2,171.7
12-12-2019,172.3,174.85,170.35,174.45
13-12-2019,173.9,175.6,172.0,173.75
16-12-2019,173.0,174.5,168.1,168.8
17-12-2019,168.8,172.3,166.6,167.3
18-12-2019,167.6,174.5,167.5,170.2
19-12-2019,171.05,174.75,169.1,172.6
20-12-2019,172.0,173.35,169.1,169.65
23-12-2019,170.0,172.5,168.55,170.3
24-12-2019,170.65,171.6,168.75,168.95
26-12-2019,169.0,171.95,168.1,168.65
27-12-2019,169.2,171.5,167.7,169.1
30-12-2019,169.75,170.8,168.45,168.7
31-12-2019,168.9,170.0,168.0,168.2
01-01-2020,169.0,176.5,168.6,174.75
02-01-2020,175.15,181.7,175.15,179.25
03-01-2020,177.0,183.3,176.25,180.45
06-01-2020,180.0,181.5,173.0,173.7
07-01-2020,174.5,181.55,174.5,180.25
08-01-2020,175.3,180.0,175.3,176.85
09-01-2020,178.65,182.5,177.8,181.45
10-01-2020,182.0,191.8,179.9,186.15
13-01-2020,187.6,191.0,186.15,188.35
14-01-2020,189.45,192.9,187.35,188.95
15-01-2020,188.1,199.0,188.05,196.35
16-01-2020,198.8,201.95,191.55,193.1
17-01-2020,208.9,227.6,208.25,220.45
20-01-2020,219.8,231.7,219.05,228.2
21-01-2020,226.1,235.9,225.35,234.5
22-01-2020,235.0,238.25,228.75,231.2
23-01-2020,229.4,233.85,224.15,231.55
24-01-2020,232.95,232.95,226.8,227.9
27-01-2020,225.45,236.65,225.45,232.8
28-01-2020,233.0,234.9,226.15,231.0
29-01-2020,232.0,246.6,226.6,228.6
30-01-2020,230.0,232.05,226.4,229.75
31-01-2020,231.0,239.0,227.45,235.45
01-02-2020,235.0,245.4,215.65,233.1
03-02-2020,228.0,239.9,225.3,231.75
04-02-2020,234.0,238.0,229.0,229.6
05-02-2020,230.95,239.0,229.3,236.25
06-02-2020,237.65,241.0,233.1,236.3
07-02-2020,237.75,241.0,230.2,231.6
10-02-2020,232.5,232.9,227.75,229.1
11-02-2020,230.55,246.3,229.05,240.1
12-02-2020,244.0,245.0,229.55,232.7
13-02-2020,233.5,235.0,228.8,231.15
14-02-2020,232.4,236.9,231.2,231.8
17-02-2020,232.3,235.35,228.7,231.05
18-02-2020,231.0,231.05,225.25,229.95
19-02-2020,230.0,244.0,228.55,238.25
20-02-2020,239.2,256.0,237.1,244.8
24-02-2020,242.5,243.2,230.0,232.25
25-02-2020,235.0,236.0,228.3,229.65
26-02-2020,228.5,236.65,220.35,230.9
27-02-2020,230.9,233.2,226.75,230.1
28-02-2020,225.0,227.8,212.5,223.95
02-03-2020,229.0,232.65,202.8,212.2
03-03-2020,224.7,228.0,215.65,225.0
04-03-2020,225.35,233.75,222.75,229.8
05-03-2020,232.0,236.0,229.2,230.6
06-03-2020,216.35,235.8,216.35,227.05
09-03-2020,224.1,224.1,205.0,216.9
11-03-2020,212.0,223.0,209.1,212.0
12-03-2020,203.0,206.5,190.55,199.6
13-03-2020,178.0,214.95,178.0,210.55
16-03-2020,200.0,209.9,194.05,195.0
17-03-2020,195.1,201.7,190.3,195.3
18-03-2020,200.0,200.3,180.0,183.35
19-03-2020,182.0,186.95,171.1,180.4
20-03-2020,177.25,204.2,177.25,187.1
23-03-2020,157.0,183.0,149.7,149.7
24-03-2020,152.0,158.9,125.0,150.25
25-03-2020,147.0,169.2,145.0,153.95
26-03-2020,154.0,179.8,153.05,168.7
27-03-2020,167.95,178.0,160.3,169.75
30-03-2020,162.1,169.3,158.0,163.9
31-03-2020,169.7,183.0,163.9,175.7
01-04-2020,174.1,175.95,167.0,171.1
03-04-2020,171.7,173.45,166.0,167.9
07-04-2020,177.4,194.4,171.35,187.7
08-04-2020,187.0,209.8,181.2,200.05
09-04-2020,233.0,235.0,215.0,217.35
13-04-2020,222.75,222.75,201.35,206.15
15-04-2020,213.0,230.0,202.75,206.85
16-04-2020,208.0,217.8,207.5,210.95
17-04-2020,220.0,222.0,211.0,212.1
20-04-2020,212.5,214.75,208.0,208.35
21-04-2020,203.5,206.5,195.65,196.85
22-04-2020,197.0,203.0,192.6,199.3
23-04-2020,204.0,211.0,202.0,205.05
24-04-2020,206.0,212.0,197.0,209.35
27-04-2020,218.35,228.8,206.2,209.25
28-04-2020,211.9,213.8,207.0,209.1
29-04-2020,211.2,211.5,203.5,207.45
30-04-2020,208.8,216.0,206.05,213.7
04-05-2020,209.4,223.5,204.0,220.25
05-05-2020,230.0,231.7,220.8,223.75
06-05-2020,207.05,226.7,205.0,222.15
07-05-2020,223.7,226.95,211.15,213.8
08-05-2020,214.6,218.55,210.2,212.95
11-05-2020,215.0,219.9,214.05,218.5
12-05-2020,218.5,218.8,211.45,213.75
13-05-2020,226.0,226.0,215.45,219.7
14-05-2020,217.0,219.0,214.15,217.8
15-05-2020,218.9,218.9,213.05,213.6
18-05-2020,214.05,215.0,205.0,206.95
19-05-2020,208.7,209.0,199.1,202.3
20-05-2020,195.2,209.4,195.2,207.05
21-05-2020,206.85,213.55,205.05,212.2
22-05-2020,211.5,211.85,206.0,208.55
26-05-2020,209.0,210.0,206.0,206.8
27-05-2020,209.2,217.4,206.3,214.6
28-05-2020,213.0,220.75,212.0,216.8
29-05-2020,218.3,219.7,209.5,212.8
01-06-2020,219.5,219.5,214.5,215.85
02-06-2020,216.5,227.9,214.9,225.5
03-06-2020,224.7,235.0,222.1,226.35
04-06-2020,226.5,229.95,220.05,224.25
05-06-2020,226.45,237.2,221.5,235.9
08-06-2020,240.0,253.55,237.0,246.75
09-06-2020,251.0,255.0,237.0,240.25
10-06-2020,240.5,247.9,239.5,243.5
11-06-2020,242.85,244.9,234.4,237.65
12-06-2020,230.0,237.0,228.5,234.75
15-06-2020,235.1,254.0,234.0,251.5
16-06-2020,257.45,272.0,250.15,266.4
17-06-2020,264.2,272.4,257.6,259.45
18-06-2020,261.0,266.9,258.0,260.7
19-06-2020,263.95,265.2,257.0,261.7
22-06-2020,265.0,265.0,258.4,261.3
23-06-2020,262.95,265.0,256.25,262.05
24-06-2020,262.95,275.0,260.35,268.4
25-06-2020,270.0,279.45,265.55,271.8
26-06-2020,273.8,276.95,263.0,264.75
29-06-2020,265.0,266.95,255.0,259.35
30-06-2020,262.35,275.85,261.15,272.3
01-07-2020,273.0,274.0,263.0,268.85
02-07-2020,269.5,278.7,269.5,271.85
03-07-2020,274.3,276.4,270.6,272.9
06-07-2020,275.0,275.0,271.0,272.0
07-07-2020,272.0,273.8,266.05,268.75
08-07-2020,269.45,270.9,259.8,261.85
09-07-2020,262.5,270.35,262.0,264.9
10-07-2020,265.0,276.0,264.0,271.8
13-07-2020,273.1,274.35,268.6,270.6
14-07-2020,269.9,301.0,268.1,292.6
15-07-2020,295.35,299.0,285.35,286.3
16-07-2020,285.65,291.4,277.3,284.3
17-07-2020,284.9,290.7,282.6,285.6
20-07-2020,290.8,301.0,288.05,291.5
21-07-2020,293.8,309.65,293.0,299.35
22-07-2020,301.9,309.4,300.15,306.25
23-07-2020,313.95,324.0,295.15,303.0
24-07-2020,301.0,308.0,295.2,297.4
27-07-2020,299.45,306.0,293.25,302.9
28-07-2020,304.75,315.0,301.1,312.2
29-07-2020,313.0,318.0,297.65,301.75
30-07-2020,301.75,307.0,293.0,294.2
31-07-2020,294.2,297.7,286.5,290.7
03-08-2020,289.7,301.4,284.15,293.7
04-08-2020,294.2,299.4,290.0,291.35
05-08-2020,294.0,304.6,293.55,294.95
06-08-2020,297.0,304.0,296.05,298.35
07-08-2020,299.5,306.7,298.55,303.55
10-08-2020,306.4,313.0,305.8,309.8
11-08-2020,312.6,312.9,305.1,306.05
12-08-2020,305.0,307.55,300.05,301.9
13-08-2020,303.75,305.3,300.05,300.9
14-08-2020,302.25,306.0,292.0,295.8
17-08-2020,297.3,298.8,290.0,293.25
18-08-2020,295.0,298.7,292.5,295.75
19-08-2020,298.6,298.75,291.65,292.8
20-08-2020,293.0,301.95,291.6,297.85
21-08-2020,300.3,306.4,293.5,295.95
24-08-2020,297.9,305.3,295.0,301.8
25-08-2020,304.1,328.4,302.25,325.3
26-08-2020,330.0,339.8,323.0,327.35
27-08-2020,328.5,328.9,312.75,318.0
28-08-2020,319.4,323.5,312.0,314.15
31-08-2020,315.8,316.7,290.35,293.7
01-09-2020,294.1,301.85,291.5,297.55
02-09-2020,300.4,314.95,297.5,313.35
03-09-2020,317.0,319.9,308.0,311.3
04-09-2020,301.1,309.9,301.1,307.0
07-09-2020,305.65,312.0,297.1,304.15
08-09-2020,305.0,308.5,295.95,298.5
09-09-2020,295.0,298.0,286.2,290.1
10-09-2020,291.25,300.75,291.25,297.45
11-09-2020,298.7,298.95,293.0,295.7
14-09-2020,300.0,312.4,298.55,309.4
15-09-2020,311.95,318.45,310.1,313.8
16-09-2020,316.25,316.25,307.25,309.05
17-09-2020,308.2,316.9,305.4,310.6
18-09-2020,312.9,315.9,298.5,300.15
21-09-2020,301.35,312.4,291.9,295.4
22-09-2020,290.5,295.0,275.0,281.8
23-09-2020,285.5,289.45,278.8,286.0
24-09-2020,278.55,285.0,275.65,279.0
25-09-2020,281.9,287.3,277.5,284.55
28-09-2020,287.9,290.4,285.0,287.65
29-09-2020,290.3,292.45,280.0,281.85
30-09-2020,283.75,288.35,281.05,284.9
01-10-2020,288.3,291.6,285.0,286.0
05-10-2020,288.45,288.45,279.25,281.2
06-10-2020,283.55,288.0,279.0,279.75
07-10-2020,280.1,282.7,277.0,277.2
08-10-2020,278.6,279.9,271.25,273.05
09-10-2020,273.05,275.4,267.6,269.7
12-10-2020,270.95,280.0,269.05,276.6
13-10-2020,277.8,282.0,276.6,280.35
14-10-2020,280.0,280.3,274.5,275.45
15-10-2020,277.0,279.45,265.4,270.9
16-10-2020,273.3,275.1,268.0,272.4
19-10-2020,276.8,279.9,270.05,273.4
20-10-2020,261.0,265.85,258.5,262.05
21-10-2020,264.35,266.5,261.5,263.55
22-10-2020,263.5,265.55,260.7,262.05
23-10-2020,262.6,265.0,261.5,262.3
26-10-2020,262.0,263.3,253.35,254.35
27-10-2020,254.35,256.6,247.7,255.05
28-10-2020,255.95,259.7,252.25,253.65
29-10-2020,253.65,255.05,246.1,247.05
30-10-2020,247.05,250.7,244.1,247.7
02-11-2020,245.5,249.0,238.4,239.55
03-11-2020,240.0,243.45,232.35,234.65
04-11-2020,235.0,240.4,234.65,236.85
05-11-2020,239.0,241.75,235.8,236.75
06-11-2020,237.5,246.4,237.5,241.65
09-11-2020,245.35,250.4,242.85,248.8
10-11-2020,251.2,251.75,238.25,239.8
11-11-2020,240.4,246.5,238.5,239.05
12-11-2020,240.0,248.1,239.15,246.25
13-11-2020,245.95,249.25,243.8,245.0
14-11-2020,245.0,249.5,245.0,249.0
17-11-2020,251.0,251.95,244.2,246.95
18-11-2020,247.0,248.85,245.05,246.75
19-11-2020,245.05,262.0,244.4,254.85
20-11-2020,255.95,262.95,254.05,258.2
23-11-2020,262.2,269.6,262.05,266.9
24-11-2020,268.0,282.8,265.0,280.9
25-11-2020,283.0,283.45,271.2,279.05
26-11-2020,278.4,279.4,272.5,278.05
27-11-2020,278.05,288.5,278.0,281.95
01-12-2020,283.35,287.25,280.15,286.15
02-12-2020,288.2,289.95,283.5,287.2
03-12-2020,288.45,289.0,285.1,286.55
04-12-2020,287.4,291.9,287.4,289.6
07-12-2020,289.6,296.75,289.6,293.4
08-12-2020,293.4,295.95,284.5,287.8
09-12-2020,289.2,292.0,285.0,285.9
10-12-2020,287.0,291.85,284.75,285.65
11-12-2020,287.05,289.35,285.0,285.45
14-12-2020,286.4,292.35,285.6,290.0
15-12-2020,290.0,293.45,286.5,290.4
16-12-2020,291.6,295.0,288.5,289.8
17-12-2020,291.7,292.85,288.9,289.75
18-12-2020,288.85,289.9,280.15,283.65
21-12-2020,282.5,283.0,264.0,267.45
22-12-2020,265.0,272.0,247.0,266.95
23-12-2020,269.0,275.8,267.05,270.6
24-12-2020,272.85,277.4,271.25,274.55
28-12-2020,276.95,279.0,271.55,273.75
29-12-2020,274.75,282.5,271.8,280.25
30-12-2020,282.65,290.5,281.5,282.8
31-12-2020,283.4,285.3,280.1,281.25
01-01-2021,281.9,282.8,279.5,281.9
04-01-2021,283.7,284.5,281.0,282.1
05-01-2021,281.0,291.9,280.0,291.1
06-01-2021,292.7,299.0,291.0,297.05
07-01-2021,299.0,304.3,291.05,293.5
08-01-2021,296.55,314.4,296.15,302.85
11-01-2021,305.55,305.55,296.3,300.3
12-01-2021,300.3,303.0,296.0,296.65
13-01-2021,297.8,302.9,292.0,293.8
14-01-2021,293.7,296.25,291.35,295.1
15-01-2021,294.0,296.9,287.8,291.2
18-01-2021,291.2,299.95,279.6,289.35
19-01-2021,289.8,295.0,284.5,285.4
20-01-2021,289.0,294.7,286.15,289.75
21-01-2021,291.7,292.65,283.5,284.6
22-01-2021,284.5,289.0,277.0,285.7
25-01-2021,288.0,288.9,276.5,277.75
27-01-2021,278.0,279.55,272.3,274.45
28-01-2021,270.1,277.0,269.5,271.75
29-01-2021,274.3,276.7,271.2,272.15
01-02-2021,273.6,275.0,269.55,271.75
02-02-2021,273.15,278.05,268.5,270.1
03-02-2021,271.4,275.0,268.05,274.05
04-02-2021,274.5,277.2,268.4,269.1
05-02-2021,271.35,275.0,270.1,271.55
08-02-2021,274.3,276.8,270.65,271.5
09-02-2021,272.0,273.5,268.2,269.0
10-02-2021,270.0,270.4,265.0,266.9
11-02-2021,267.0,267.95,264.1,264.85
12-02-2021,265.0,269.95,264.4,264.9
15-02-2021,266.9,268.75,263.55,265.5
16-02-2021,266.3,271.35,264.0,265.75
17-02-2021,265.0,267.4,259.3,262.15
18-02-2021,262.55,263.5,259.75,260.4
19-02-2021,259.85,263.9,256.95,259.0
22-02-2021,263.9,263.9,257.5,258.75
23-02-2021,263.0,263.6,256.75,257.4
24-02-2021,262.0,263.4,258.0,261.8
25-02-2021,262.6,265.8,259.0,261.85
26-02-2021,260.0,261.25,254.75,255.65
01-03-2021,257.9,259.9,254.1,257.25
02-03-2021,257.45,261.8,257.4,258.0
03-03-2021,259.5,282.0,258.85,279.65
04-03-2021,280.0,286.7,275.15,277.6
05-03-2021,277.6,281.1,268.15,270.65
08-03-2021,273.45,281.8,270.9,272.25
09-03-2021,274.9,276.6,267.2,268.55
10-03-2021,269.35,270.9,266.25,268.7
12-03-2021,270.0,272.8,263.25,265.8
15-03-2021,266.5,271.8,258.8,269.7
16-03-2021,270.0,270.45,263.3,266.4
17-03-2021,266.85,269.5,256.25,258.3
18-03-2021,259.2,263.6,250.55,253.45
19-03-2021,251.2,256.0,243.85,253.35
22-03-2021,255.0,261.0,254.0,259.65
23-03-2021,260.8,266.7,260.2,264.8
24-03-2021,263.8,270.45,260.0,266.3
25-03-2021,266.3,266.75,260.3,265.0
26-03-2021,265.15,267.5,261.95,263.75
30-03-2021,267.9,267.9,260.25,261.25
31-03-2021,263.0,263.55,252.2,252.8
01-04-2021,256.1,261.0,254.25,259.8
05-04-2021,259.7,259.95,252.2,257.05
06-04-2021,257.2,261.8,254.7,257.85
07-04-2021,259.0,272.5,259.0,270.7
08-04-2021,273.0,274.65,265.3,266.55
09-04-2021,266.8,278.5,266.05,269.15
12-04-2021,266.6,266.6,251.9,256.6
13-04-2021,257.3,264.4,257.2,262.35
15-04-2021,260.0,265.8,257.25,259.0
16-04-2021,259.15,270.5,259.15,269.1
19-04-2021,270.0,271.45,261.0,269.05
20-04-2021,269.5,273.4,268.15,270.6
22-04-2021,271.0,283.5,271.0,281.6
23-04-2021,283.45,291.0,267.05,274.95
26-04-2021,277.0,289.4,274.05,280.6
27-04-2021,283.0,286.25,277.4,284.8
28-04-2021,285.6,290.95,283.7,285.05
29-04-2021,288.8,290.0,279.8,285.0
30-04-2021,284.0,284.95,278.5,280.85
03-05-2021,281.8,300.0,279.7,296.6
04-05-2021,298.0,303.0,286.0,288.75
05-05-2021,290.3,300.0,288.65,294.15
06-05-2021,296.6,297.8,286.5,289.55
07-05-2021,291.95,298.0,288.35,290.15
10-05-2021,294.0,306.65,293.15,301.8
11-05-2021,300.0,322.4,296.25,313.1
12-05-2021,319.9,334.0,315.05,318.65
14-05-2021,321.4,324.9,300.0,310.4
17-05-2021,312.8,320.8,305.55,309.95
18-05-2021,310.95,319.0,310.95,315.0
19-05-2021,317.15,317.15,311.6,313.55
20-05-2021,316.35,324.0,313.6,315.55
21-05-2021,318.8,319.2,312.25,313.55
24-05-2021,314.15,315.8,308.0,309.2
25-05-2021,310.5,314.9,299.6,302.9
26-05-2021,304.7,312.0,303.8,307.0
27-05-2021,307.0,311.0,303.5,309.05
28-05-2021,309.45,314.8,305.5,311.15
31-05-2021,312.65,320.35,307.0,313.25
01-06-2021,315.35,317.25,306.25,310.6
02-06-2021,307.9,312.8,307.75,311.0
03-06-2021,312.5,320.7,310.0,318.9
04-06-2021,318.8,324.8,316.1,317.85
07-06-2021,321.0,331.7,318.8,324.45
08-06-2021,328.05,336.85,321.55,329.75
09-06-2021,329.65,352.6,328.2,339.3
10-06-2021,342.8,351.7,341.6,345.25
11-06-2021,350.0,351.3,342.1,343.9
14-06-2021,345.9,345.9,328.0,338.55
15-06-2021,339.1,344.8,336.35,340.75
16-06-2021,341.85,343.45,336.7,340.1
17-06-2021,337.5,358.1,334.05,353.65
18-06-2021,358.4,362.6,335.2,344.65
21-06-2021,338.45,346.95,335.0,340.85
22-06-2021,340.1,347.7,335.25,339.55
23-06-2021,342.35,342.75,332.6,334.65
24-06-2021,335.95,337.3,327.0,328.0
25-06-2021,330.5,339.8,322.2,324.1
28-06-2021,326.1,330.4,326.1,327.8
29-06-2021,328.5,328.75,323.0,325.25
30-06-2021,325.0,328.4,324.15,324.9
01-07-2021,325.8,330.5,321.2,323.65
02-07-2021,325.0,325.75,320.9,323.3
05-07-2021,324.75,325.1,321.6,323.95
06-07-2021,325.0,328.0,321.4,323.1
07-07-2021,324.75,324.75,319.5,321.2
08-07-2021,322.0,323.55,320.2,321.7
09-07-2021,322.8,323.2,313.5,315.0
12-07-2021,315.0,323.4,315.0,318.05
13-07-2021,319.25,320.25,314.0,314.7
14-07-2021,315.0,325.2,313.0,319.25
15-07-2021,320.0,338.7,319.3,335.3
16-07-2021,338.35,341.85,333.25,338.75
19-07-2021,338.0,338.0,331.6,333.55
20-07-2021,335.25,335.9,322.8,327.1
22-07-2021,337.0,337.0,324.65,326.25
23-07-2021,326.6,328.8,316.0,318.2
26-07-2021,318.15,322.75,317.0,317.7
27-07-2021,319.3,328.5,313.1,314.2
28-07-2021,314.9,319.0,307.45,316.5
29-07-2021,316.5,322.0,316.5,318.1
30-07-2021,319.0,331.95,317.55,324.35
02-08-2021,327.25,331.65,323.1,324.65
03-08-2021,324.75,326.05,317.3,318.35
04-08-2021,319.0,323.75,310.8,312.1
05-08-2021,315.7,316.55,311.0,312.65
06-08-2021,310.0,319.25,309.55,311.6
09-08-2021,313.8,316.15,310.0,313.15
10-08-2021,311.85,313.95,295.0,300.45
11-08-2021,300.45,301.95,286.35,299.65
12-08-2021,300.9,306.35,296.0,296.7
13-08-2021,297.0,303.6,291.5,293.7
16-08-2021,293.8,295.2,283.55,287.05
17-08-2021,286.9,292.0,282.2,288.65
18-08-2021,288.65,295.4,285.1,285.8
20-08-2021,286.0,286.0,278.0,279.4
23-08-2021,281.7,284.0,270.15,274.4
24-08-2021,274.5,277.95,272.05,272.9
25-08-2021,273.5,278.0,273.0,276.0
26-08-2021,276.45,288.3,276.45,286.05
27-08-2021,288.0,288.5,278.55,279.4
30-08-2021,280.2,283.0,277.0,279.1
31-08-2021,280.6,284.3,278.05,281.9
01-09-2021,281.9,281.9,277.25,277.8
02-09-2021,278.9,283.5,277.95,279.3
03-09-2021,280.05,282.0,278.2,279.2
06-09-2021,280.1,283.75,279.4,280.5
07-09-2021,281.0,294.0,277.0,292.35
08-09-2021,295.0,296.55,289.6,290.9
09-09-2021,291.0,296.0,288.3,291.7
13-09-2021,290.0,294.65,288.4,292.35
14-09-2021,292.35,299.55,291.15,293.05
15-09-2021,294.0,302.0,293.1,298.5
16-09-2021,299.0,301.2,292.2,292.9
17-09-2021,295.3,297.4,285.55,291.65
20-09-2021,290.0,293.35,285.3,286.85
21-09-2021,285.0,289.0,281.35,287.15
22-09-2021,288.0,293.85,288.0,290.95
23-09-2021,291.95,293.3,286.1,287.2
24-09-2021,288.0,296.8,285.75,286.8
27-09-2021,287.2,292.0,283.85,285.65
28-09-2021,286.1,289.25,281.0,283.65
29-09-2021,283.65,288.8,283.1,285.35
30-09-2021,286.95,293.75,284.6,285.9
01-10-2021,285.0,286.75,284.0,284.8
04-10-2021,285.9,286.75,283.0,285.3
05-10-2021,284.95,293.0,284.6,290.15
06-10-2021,296.0,298.75,288.2,291.95
07-10-2021,293.0,297.8,290.0,292.85
08-10-2021,298.0,311.65,295.1,309.3
11-10-2021,310.85,314.25,305.0,307.7
12-10-2021,307.8,307.8,301.5,304.95
13-10-2021,306.75,324.25,305.2,314.75
14-10-2021,317.75,319.8,311.5,313.75
18-10-2021,315.8,323.5,310.5,319.15
19-10-2021,321.5,324.75,286.0,304.1
20-10-2021,287.0,295.0,279.9,282.45
21-10-2021,282.5,289.0,275.65,276.65
22-10-2021,279.35,281.0,274.75,275.55
25-10-2021,277.0,278.0,261.5,262.45
26-10-2021,263.8,266.4,260.2,262.0
27-10-2021,264.5,270.5,264.05,265.4
28-10-2021,266.5,266.5,260.5,261.75
29-10-2021,263.65,268.5,258.05,265.35
01-11-2021,269.85,270.95,261.1,262.15
02-11-2021,264.2,266.95,263.5,264.85
03-11-2021,269.0,269.0,265.0,267.45
04-11-2021,269.65,269.95,268.55,269.5
08-11-2021,271.95,274.2,267.0,271.3
09-11-2021,271.8,273.5,268.85,270.0
10-11-2021,269.0,273.0,268.0,268.4
11-11-2021,268.4,271.0,267.05,269.15
12-11-2021,272.0,272.0,265.0,266.15
15-11-2021,267.5,267.5,263.7,265.1
16-11-2021,266.75,271.85,265.1,267.8
17-11-2021,268.6,272.4,266.35,268.5
18-11-2021,269.7,269.7,262.5,263.85
22-11-2021,263.85,265.15,258.1,260.15
23-11-2021,260.0,263.8,258.1,260.5
24-11-2021,263.8,269.65,260.65,263.6
25-11-2021,263.6,267.95,262.05,265.5
26-11-2021,260.05,265.8,259.0,259.95
29-11-2021,258.0,259.0,246.0,255.2
30-11-2021,255.75,259.8,247.25,249.0
01-12-2021,252.0,253.95,244.35,245.35
02-12-2021,249.5,254.4,247.0,252.9
03-12-2021,253.0,257.85,251.55,255.3
06-12-2021,252.7,256.4,251.6,252.4
07-12-2021,252.0,255.95,252.0,254.5
08-12-2021,257.5,259.75,256.25,257.45
09-12-2021,260.0,260.0,254.4,257.55
10-12-2021,258.0,264.15,257.1,262.2
13-12-2021,269.3,269.3,263.0,264.55
14-12-2021,264.5,267.9,262.5,263.35
15-12-2021,263.4,267.3,262.1,264.65
16-12-2021,268.95,268.95,260.0,261.75
17-12-2021,259.0,263.65,258.2,260.45
20-12-2021,257.0,257.0,250.55,253.3
21-12-2021,254.5,256.8,242.35,252.55
22-12-2021,253.35,259.6,253.35,258.05
23-12-2021,262.0,264.0,259.25,262.85
24-12-2021,264.2,264.2,252.1,257.3
27-12-2021,258.6,262.7,255.25,260.5
28-12-2021,260.9,273.55,260.9,265.75
29-12-2021,265.75,271.9,264.05,267.4
30-12-2021,267.4,275.95,267.4,270.75
31-12-2021,271.9,276.8,271.9,274.0
03-01-2022,275.35,277.75,273.1,276.9
04-01-2022,278.0,278.0,273.0,274.55
05-01-2022,275.0,276.0,270.5,271.15
06-01-2022,271.5,272.4,268.1,271.15
07-01-2022,270.05,276.5,269.45,275.1
10-01-2022,276.9,280.85,275.75,279.1
11-01-2022,280.5,287.25,277.2,282.9
12-01-2022,285.0,285.0,280.05,281.3
13-01-2022,283.0,283.85,279.0,281.9
14-01-2022,281.0,284.35,280.1,282.55
17-01-2022,283.0,289.4,281.45,287.0
18-01-2022,289.0,299.05,285.0,286.85
19-01-2022,286.75,298.5,284.2,295.25
20-01-2022,279.85,283.4,275.0,277.3
21-01-2022,273.9,276.85,266.6,268.15
24-01-2022,270.0,271.45,256.0,260.8
25-01-2022,258.0,264.1,251.65,262.4
27-01-2022,261.0,264.9,252.4,254.95
28-01-2022,258.9,261.55,255.65,256.6
31-01-2022,258.6,261.9,256.55,259.1
01-02-2022,260.85,266.0,258.2,259.4
02-02-2022,260.7,262.4,256.2,257.9
03-02-2022,258.3,258.9,252.35,253.0
04-02-2022,253.3,254.9,250.5,251.65
07-02-2022,251.7,255.0,247.1,253.3
08-02-2022,253.95,255.0,249.0,249.8
09-02-2022,250.0,254.0,249.05,249.65
10-02-2022,250.0,254.0,248.5,253.3
11-02-2022,252.0,252.65,248.0,248.6
14-02-2022,248.1,249.8,243.0,243.85
15-02-2022,244.0,247.7,241.8,246.1
16-02-2022,247.4,248.7,245.95,248.15
17-02-2022,247.5,249.75,244.6,245.95
18-02-2022,246.0,250.5,245.15,247.3
21-02-2022,247.35,247.35,240.85,242.7
22-02-2022,238.0,241.0,237.25,239.45
23-02-2022,239.0,243.65,238.0,239.25
24-02-2022,235.0,236.35,227.3,228.4
25-02-2022,230.0,249.5,228.4,236.45
28-02-2022,235.0,236.3,231.6,233.9
02-03-2022,232.0,241.45,232.0,240.4
03-03-2022,241.0,252.35,241.0,243.7
04-03-2022,243.0,247.0,241.15,242.15
07-03-2022,244.0,244.0,237.1,240.0
08-03-2022,244.0,244.9,237.5,241.05
09-03-2022,241.05,252.0,240.1,249.9
10-03-2022,255.0,255.0,249.0,250.55
11-03-2022,250.0,254.6,248.7,251.95
14-03-2022,251.95,259.0,246.15,251.25
15-03-2022,251.95,254.5,244.4,247.0
16-03-2022,248.1,251.0,247.05,247.65
17-03-2022,249.0,253.4,246.5,249.05
21-03-2022,249.5,252.1,248.3,250.25
22-03-2022,249.05,252.4,245.55,246.9
23-03-2022,248.0,249.2,243.05,243.8
24-03-2022,244.0,247.5,240.05,242.4
25-03-2022,243.4,243.65,237.3,237.95
28-03-2022,235.05,237.5,230.8,232.35
29-03-2022,233.55,235.0,229.85,232.55
30-03-2022,233.1,243.2,233.1,237.15
31-03-2022,237.55,242.5,237.0,238.05
01-04-2022,238.0,246.0,238.0,244.9
04-04-2022,248.5,251.2,247.0,249.9
05-04-2022,250.0,259.55,249.9,256.65
06-04-2022,257.45,260.0,255.45,258.6
07-04-2022,258.75,268.5,256.15,262.85
08-04-2022,264.25,270.2,263.0,266.95
11-04-2022,267.4,272.0,266.75,268.65
12-04-2022,275.0,280.45,270.25,278.05
13-04-2022,279.9,286.9,278.05,283.4
18-04-2022,282.0,287.6,277.05,286.3
19-04-2022,287.05,289.35,269.0,280.15
20-04-2022,280.95,285.8,277.75,280.0
21-04-2022,283.0,283.3,279.0,281.45
22-04-2022,258.05,266.85,252.0,253.65
25-04-2022,253.0,253.0,238.45,242.6
26-04-2022,247.1,247.85,240.6,241.95
27-04-2022,241.5,242.05,238.35,241.45
28-04-2022,241.0,245.7,237.55,238.65
29-04-2022,240.85,242.35,233.75,234.5
02-05-2022,233.9,236.4,224.9,226.4
04-05-2022,228.7,229.4,223.0,224.85
05-05-2022,228.4,228.4,219.0,220.05
06-05-2022,218.9,222.0,212.6,220.7
09-05-2022,221.0,221.4,210.0,212.55
10-05-2022,212.55,215.4,202.9,204.15
11-05-2022,204.1,207.35,197.3,198.6
12-05-2022,197.6,202.5,194.0,198.0
13-05-2022,201.9,205.8,200.0,200.45
16-05-2022,203.9,207.0,200.5,201.0
17-05-2022,201.6,205.0,200.05,201.2
18-05-2022,203.2,210.4,203.2,205.3
19-05-2022,201.4,203.95,196.55,198.65
20-05-2022,199.85,202.85,198.45,199.85
23-05-2022,201.85,202.95,199.0,200.5
24-05-2022,201.45,201.5,199.2,199.85
25-05-2022,200.0,200.75,195.75,196.85
26-05-2022,196.9,198.45,194.55,196.6
27-05-2022,197.5,201.9,197.5,199.7
30-05-2022,201.8,206.45,200.75,201.9
31-05-2022,202.8,204.5,199.55,200.2
01-06-2022,200.5,202.5,199.95,200.95
02-06-2022,200.55,204.0,200.2,203.1
03-06-2022,204.0,205.4,200.65,201.15
06-06-2022,200.6,201.9,196.75,199.85
07-06-2022,199.9,200.5,197.75,198.5
08-06-2022,200.9,200.9,198.25,199.0
09-06-2022,199.0,199.85,198.0,198.55
10-06-2022,197.0,198.4,196.5,197.05
13-06-2022,195.0,197.0,194.0,195.7
14-06-2022,194.05,195.9,192.0,194.55
15-06-2022,195.0,196.4,192.9,194.05
16-06-2022,195.0,196.2,189.0,189.95
17-06-2022,189.1,191.1,185.25,186.95
20-06-2022,187.0,188.6,182.5,185.35
21-06-2022,187.0,189.2,185.35,186.9
22-06-2022,186.1,190.1,186.0,188.75
23-06-2022,188.8,191.2,186.6,188.2
24-06-2022,188.4,190.5,188.3,189.5
27-06-2022,191.1,193.8,190.75,191.6
28-06-2022,191.5,192.35,187.9,188.55
29-06-2022,187.0,188.95,186.0,186.75
30-06-2022,186.7,193.6,186.45,188.65
01-07-2022,189.0,189.6,186.35,187.7
04-07-2022,188.65,197.0,188.0,194.65
05-07-2022,195.7,196.35,193.75,194.5
06-07-2022,195.5,196.35,193.7,194.35
07-07-2022,195.4,196.4,194.0,195.55
08-07-2022,195.4,199.35,195.25,195.95
11-07-2022,195.25,198.55,195.25,196.2
12-07-2022,197.8,204.05,197.05,197.7
13-07-2022,199.7,200.65,197.5,198.05
14-07-2022,198.0,199.05,196.6,198.2
15-07-2022,198.0,198.8,196.05,196.75
18-07-2022,197.45,208.9,197.2,207.3
19-07-2022,207.45,213.75,206.35,208.4
20-07-2022,205.0,207.3,203.0,204.8
21-07-2022,205.0,219.05,204.75,217.3
22-07-2022,217.4,217.4,214.25,215.55
25-07-2022,215.55,218.4,213.5,215.2
26-07-2022,215.2,216.0,211.0,214.55
27-07-2022,214.55,215.2,211.0,212.2
28-07-2022,213.3,217.9,208.25,211.7
29-07-2022,212.8,214.95,211.5,212.5
01-08-2022,213.6,218.5,212.5,216.9
02-08-2022,216.9,219.85,214.35,215.75
03-08-2022,216.75,218.5,212.15,217.8
04-08-2022,219.0,226.0,217.3,222.9
05-08-2022,223.0,230.9,223.0,226.8
08-08-2022,227.85,229.2,225.0,225.3
10-08-2022,225.55,231.55,224.25,230.35
11-08-2022,231.3,232.0,224.5,225.5
12-08-2022,226.05,227.6,224.1,224.9
16-08-2022,221.5,227.9,221.5,226.3
17-08-2022,226.3,227.7,224.6,225.1
18-08-2022,225.05,228.45,225.05,225.6
19-08-2022,225.6,234.0,222.0,226.4
22-08-2022,223.7,225.8,221.25,223.3
23-08-2022,221.0,225.7,220.15,224.2
24-08-2022,225.0,226.35,224.0,224.5
25-08-2022,225.8,230.3,225.4,228.15
26-08-2022,228.15,231.0,225.0,226.05
29-08-2022,222.0,225.85,222.0,224.3
30-08-2022,225.0,226.6,224.35,225.1
01-09-2022,224.7,229.45,224.3,225.7
02-09-2022,226.0,229.0,224.3,226.05
05-09-2022,226.0,227.35,224.95,225.25
06-09-2022,226.4,226.7,224.5,225.1
07-09-2022,223.55,232.3,223.55,228.45
08-09-2022,229.0,230.45,226.1,227.0
09-09-2022,228.0,230.65,224.25,225.25
12-09-2022,225.65,231.25,225.4,228.0
13-09-2022,228.55,240.6,228.55,239.2
14-09-2022,237.8,243.0,236.6,240.5
15-09-2022,242.4,244.95,239.8,240.55
16-09-2022,240.55,241.5,225.0,227.55
19-09-2022,227.9,228.7,223.05,223.85
20-09-2022,225.2,229.95,223.95,224.65
21-09-2022,226.25,226.9,223.05,224.05
22-09-2022,223.0,226.65,222.65,223.9
23-09-2022,224.15,225.5,217.05,218.2
26-09-2022,216.0,217.3,208.55,212.2
27-09-2022,212.9,217.9,209.05,214.15
28-09-2022,212.4,214.0,211.25,212.05
29-09-2022,213.15,214.85,210.1,211.05
30-09-2022,212.15,212.2,208.3,210.3
03-10-2022,210.0,215.0,204.5,205.85
04-10-2022,207.85,212.45,207.5,211.55
06-10-2022,212.3,217.95,212.3,215.8
07-10-2022,215.5,217.4,214.55,216.85
10-10-2022,213.9,215.8,212.7,214.2
11-10-2022,214.9,215.8,210.95,212.65
12-10-2022,212.0,214.45,210.0,212.1
13-10-2022,212.15,213.45,210.2,211.45
14-10-2022,212.55,215.0,212.55,213.7
17-10-2022,212.75,214.8,211.2,214.25
18-10-2022,214.25,220.45,212.9,219.1
19-10-2022,220.2,224.9,214.35,216.4
20-10-2022,221.0,230.65,218.1,226.2
21-10-2022,226.45,235.5,225.5,233.55
24-10-2022,236.2,236.6,232.0,233.7
25-10-2022,233.7,238.8,230.95,232.65
27-10-2022,230.65,233.4,226.0,227.0
28-10-2022,227.0,230.8,224.1,228.05
31-10-2022,228.0,230.95,225.1,226.6
01-11-2022,227.0,229.4,226.1,227.15
02-11-2022,227.5,230.5,225.1,226.1
03-11-2022,225.0,234.25,223.85,232.95
04-11-2022,232.95,235.5,227.65,228.95
07-11-2022,229.0,232.9,224.25,226.45
09-11-2022,230.0,231.7,225.9,226.25
10-11-2022,226.25,227.9,221.05,225.5
11-11-2022,227.55,229.9,225.0,225.45
14-11-2022,226.3,227.45,223.8,225.8
15-11-2022,225.7,226.75,224.0,224.65
16-11-2022,225.0,228.95,225.0,227.7
17-11-2022,228.4,229.4,225.4,227.0
18-11-2022,227.0,233.0,225.0,231.7
21-11-2022,233.4,238.5,231.9,233.0
22-11-2022,233.0,233.9,228.75,229.35
23-11-2022,230.5,242.0,230.5,239.25
24-11-2022,241.1,245.0,240.0,241.35
25-11-2022,240.0,241.95,238.3,238.9
28-11-2022,240.0,250.0,237.2,244.8
29-11-2022,246.75,250.0,232.65,242.35
30-11-2022,242.4,244.4,239.0,243.2
01-12-2022,243.4,244.6,239.2,240.8
02-12-2022,241.5,244.2,239.75,241.0
05-12-2022,241.15,246.35,241.15,243.85
06-12-2022,243.85,249.95,243.85,247.15
07-12-2022,247.1,251.0,244.75,246.0
08-12-2022,246.0,257.0,245.0,254.8
09-12-2022,257.35,261.2,252.25,254.4
12-12-2022,253.0,267.5,252.6,264.05
13-12-2022,265.0,267.5,261.8,264.05
14-12-2022,266.0,270.75,262.5,270.1
15-12-2022,270.1,270.9,256.95,259.5
16-12-2022,258.95,260.1,250.0,251.65
19-12-2022,253.0,257.25,251.1,253.45
20-12-2022,252.1,254.75,247.05,248.55
21-12-2022,248.8,254.45,238.75,240.25
22-12-2022,241.5,241.95,232.2,235.4
23-12-2022,232.5,234.0,217.05,219.25
26-12-2022,219.0,231.0,219.0,229.9
27-12-2022,234.0,235.75,230.6,234.05
28-12-2022,234.1,238.6,232.35,235.95
29-12-2022,234.0,235.0,231.25,233.2
30-12-2022,234.0,248.0,233.25,242.35
02-01-2023,246.0,247.2,242.85,246.75
03-01-2023,249.0,249.0,242.5,243.65
04-01-2023,242.5,251.7,239.0,248.2
05-01-2023,248.45,249.4,242.05,244.9
06-01-2023,241.2,244.9,236.55,238.15
09-01-2023,239.6,245.5,237.0,240.7
10-01-2023,240.7,244.4,237.6,239.15
11-01-2023,239.45,247.2,238.8,242.5
12-01-2023,242.5,246.8,240.65,241.5
13-01-2023,242.75,260.7,241.55,257.65
16-01-2023,257.65,261.1,251.05,255.3
17-01-2023,255.3,256.5,250.4,252.05
18-01-2023,252.4,255.0,243.5,245.5
19-01-2023,230.55,236.35,222.1,223.9
20-01-2023,226.0,227.95,222.3,225.4
23-01-2023,226.0,228.35,220.0,221.0
24-01-2023,221.0,222.45,216.0,216.85
25-01-2023,215.75,217.35,212.0,212.6
27-01-2023,211.65,213.7,205.35,206.75
30-01-2023,209.95,214.5,207.9,209.85
31-01-2023,210.35,211.95,207.75,209.05
01-02-2023,212.0,214.7,201.35,204.3
02-02-2023,202.45,209.75,202.45,206.9
03-02-2023,206.9,207.75,203.05,204.9
06-02-2023,204.85,208.0,204.85,205.6
07-02-2023,205.3,206.35,202.45,203.0
08-02-2023,204.0,206.65,203.0,204.4
09-02-2023,204.4,208.5,204.0,207.45
10-02-2023,206.55,208.45,206.1,206.8
13-02-2023,206.8,207.65,203.15,204.75
14-02-2023,204.7,205.7,202.8,203.9
15-02-2023,203.85,207.45,202.8,205.65
16-02-2023,205.8,211.5,205.8,209.6
17-02-2023,210.9,211.95,208.0,208.7
20-02-2023,208.55,209.85,205.0,205.75
21-02-2023,205.75,207.95,205.2,206.6
22-02-2023,205.05,205.45,200.0,201.45
23-02-2023,201.75,206.0,201.35,204.2
24-02-2023,203.85,204.9,201.0,201.8
27-02-2023,201.0,202.3,197.5,199.0
28-02-2023,198.5,199.85,195.5,196.45
01-03-2023,197.55,199.35,196.1,198.05
02-03-2023,199.0,202.3,198.2,200.35
03-03-2023,200.55,206.65,200.55,204.2
06-03-2023,204.1,207.0,203.45,204.4
08-03-2023,204.0,204.9,202.55,203.75
09-03-2023,203.75,206.15,202.5,203.35
10-03-2023,201.5,202.7,199.8,200.5
13-03-2023,200.5,200.9,196.25,197.15
14-03-2023,196.95,197.6,192.0,194.2
15-03-2023,195.75,198.0,192.3,193.0
16-03-2023,193.0,194.7,189.0,193.25
17-03-2023,194.0,195.7,192.4,193.45
20-03-2023,192.05,204.85,191.85,202.1
21-03-2023,202.15,204.45,198.1,199.3
22-03-2023,199.3,204.8,198.2,200.2
23-03-2023,199.8,202.1,197.5,198.3
24-03-2023,197.65,199.0,195.0,195.9
27-03-2023,195.7,196.45,191.0,191.75
28-03-2023,192.0,193.0,187.05,189.1
29-03-2023,188.05,193.95,188.05,192.6
31-03-2023,190.6,196.65,190.6,192.9
03-04-2023,193.1,198.6,193.1,196.6
05-04-2023,196.95,201.0,196.8,200.0
06-04-2023,200.0,201.9,199.0,201.15
10-04-2023,201.0,205.75,200.6,204.05
11-04-2023,204.4,206.85,203.85,206.2
12-04-2023,206.2,208.5,204.55,205.35
13-04-2023,205.1,206.8,204.1,205.6
17-04-2023,205.0,206.9,203.9,206.35
18-04-2023,206.75,207.85,205.2,206.15
19-04-2023,206.15,206.5,203.4,204.45
20-04-2023,205.0,205.5,201.75,202.1
21-04-2023,202.0,203.35,199.2,199.95
24-04-2023,200.05,200.9,198.15,199.0
25-04-2023,199.85,201.5,198.8,199.2
26-04-2023,192.5,195.95,190.0,191.1
27-04-2023,192.4,192.65,187.9,189.25
28-04-2023,189.25,190.95,187.2,189.45
02-05-2023,192.35,193.25,187.7,188.4
03-05-2023,188.45,190.2,188.4,188.95
04-05-2023,189.0,191.0,189.0,190.25
05-05-2023,190.45,190.95,189.15,189.6
08-05-2023,190.45,190.8,189.1,189.5
09-05-2023,189.5,190.5,188.4,188.5
10-05-2023,188.6,189.6,188.25,188.9
11-05-2023,189.0,190.95,188.75,189.4
12-05-2023,189.4,190.0,187.7,187.95
15-05-2023,187.5,189.5,187.5,189.3
16-05-2023,190.0,190.25,188.15,188.85
17-05-2023,189.2,189.3,188.1,188.95
18-05-2023,189.9,189.9,188.25,188.8
19-05-2023,189.0,189.7,187.0,188.2
22-05-2023,188.2,188.85,186.55,187.65
23-05-2023,188.0,189.55,187.6,188.55
24-05-2023,188.55,196.5,188.2,191.95
25-05-2023,192.95,193.35,189.6,190.45
26-05-2023,190.45,193.45,189.55,192.4
29-05-2023,194.2,194.2,190.65,191.3
30-05-2023,189.25,192.25,189.25,190.95
31-05-2023,191.0,191.3,189.0,189.75
01-06-2023,190.7,191.45,189.75,190.05
02-06-2023,190.15,191.4,189.85,190.95
05-06-2023,191.7,193.3,191.05,191.85
06-06-2023,192.0,197.9,188.5,188.9
07-06-2023,191.0,192.1,189.6,190.0
08-06-2023,191.0,195.4,190.6,191.7
09-06-2023,193.0,194.1,191.6,192.25
12-06-2023,193.0,194.3,192.05,192.95
13-06-2023,193.0,193.95,192.55,193.1
14-06-2023,193.75,197.35,192.75,195.4
15-06-2023,195.0,198.4,193.6,194.1
16-06-2023,194.15,195.9,194.15,194.45
19-06-2023,195.0,195.95,192.7,193.8
20-06-2023,193.7,195.05,192.9,194.8
21-06-2023,194.95,196.4,194.05,194.75
22-06-2023,195.0,199.3,194.95,195.3
23-06-2023,195.05,196.5,192.65,195.45
26-06-2023,195.15,197.15,194.8,196.1
27-06-2023,196.15,197.0,194.4,194.95
28-06-2023,195.95,196.9,194.15,194.55
30-06-2023,194.9,198.0,194.5,197.1
03-07-2023,197.1,205.95,196.4,204.55
04-07-2023,205.95,209.05,203.05,206.45
05-07-2023,210.0,215.0,209.0,210.15
06-07-2023,211.0,212.75,210.8,211.3
07-07-2023,211.0,212.9,207.05,210.3
10-07-2023,211.45,212.25,208.2,208.8
11-07-2023,207.0,208.35,203.25,203.85
12-07-2023,205.1,206.5,201.4,204.5
13-07-2023,204.85,212.45,203.45,208.55
14-07-2023,209.45,213.5,207.25,211.45
17-07-2023,209.0,216.45,208.3,215.05
18-07-2023,230.0,230.05,216.25,220.9
19-07-2023,222.85,225.0,218.2,219.5
20-07-2023,218.5,221.8,218.5,220.75
21-07-2023,221.3,223.0,217.05,217.95
24-07-2023,219.0,219.0,211.5,213.15
25-07-2023,213.75,215.75,211.6,214.6
26-07-2023,215.0,218.9,214.5,215.5
27-07-2023,215.85,217.65,212.0,213.55
28-07-2023,213.0,219.7,212.6,218.55
31-07-2023,218.95,222.6,217.0,218.75
01-08-2023,219.9,220.45,217.0,218.55
02-08-2023,218.0,218.0,212.0,213.3
03-08-2023,213.7,214.85,211.1,213.5
04-08-2023,214.9,216.5,214.0,215.0
07-08-2023,215.25,217.9,213.1,215.15
08-08-2023,215.05,224.9,215.05,224.1
09-08-2023,224.95,225.0,221.2,222.3
10-08-2023,221.5,222.05,219.0,219.6
11-08-2023,219.95,223.9,219.45,222.95
14-08-2023,223.0,224.0,218.0,218.85
16-08-2023,218.0,219.55,216.5,217.95
17-08-2023,217.95,221.45,217.1,220.35
18-08-2023,219.95,221.45,217.1,218.15
21-08-2023,217.75,219.25,214.05,214.8
22-08-2023,215.1,217.55,213.55,216.3
23-08-2023,216.4,218.85,216.4,217.95
24-08-2023,217.4,231.7,217.3,229.5
25-08-2023,229.25,229.35,224.0,226.4
28-08-2023,227.95,236.9,226.45,233.7
29-08-2023,236.0,239.3,232.4,233.5
30-08-2023,234.5,237.55,233.5,235.1
31-08-2023,235.45,238.3,228.05,235.45
01-09-2023,235.45,237.5,233.5,235.25
04-09-2023,237.85,237.85,232.5,233.2
05-09-2023,233.8,237.45,230.55,236.4
06-09-2023,237.95,239.9,234.4,238.75
07-09-2023,239.9,239.9,235.6,237.15
08-09-2023,237.65,241.6,236.1,237.6
11-09-2023,237.7,239.0,234.2,235.1
12-09-2023,236.3,236.35,222.1,223.05
13-09-2023,223.1,230.0,220.7,229.4
14-09-2023,231.25,240.4,231.0,239.0
15-09-2023,241.0,241.3,235.8,238.9
18-09-2023,239.0,239.3,228.35,229.7
20-09-2023,228.5,229.7,225.7,227.05
21-09-2023,226.2,227.75,220.9,222.35
22-09-2023,222.1,223.8,217.05,217.95
25-09-2023,218.0,218.95,214.5,214.95
26-09-2023,216.1,218.8,214.0,215.1
27-09-2023,215.1,215.8,209.0,209.4
28-09-2023,210.9,212.15,205.2,206.0
29-09-2023,206.15,209.9,205.3,209.3
03-10-2023,209.3,213.35,207.55,212.3
04-10-2023,212.0,212.05,208.5,210.85
05-10-2023,211.0,214.65,211.0,212.0
06-10-2023,213.1,216.1,212.7,214.9
09-10-2023,214.0,214.55,208.35,209.3
10-10-2023,210.0,213.25,210.0,211.7
11-10-2023,212.0,219.75,212.0,217.15
12-10-2023,218.0,220.2,216.05,217.05
13-10-2023,217.0,218.4,214.35,215.25
16-10-2023,215.5,224.35,215.25,219.65
17-10-2023,221.9,222.45,218.75,219.5
18-10-2023,219.5,223.65,216.7,221.15
19-10-2023,221.05,222.5,219.05,221.45
20-10-2023,220.6,223.2,219.0,219.95
23-10-2023,220.15,221.1,206.35,208.3
25-10-2023,211.05,212.9,205.1,206.55
26-10-2023,210.0,218.95,205.2,216.7
27-10-2023,217.25,221.0,215.3,218.15
30-10-2023,218.2,219.6,212.0,216.05
31-10-2023,217.2,219.9,216.45,217.1
01-11-2023,217.1,219.05,214.25,215.0
02-11-2023,216.25,219.4,216.2,218.6
03-11-2023,219.65,224.8,218.95,221.2
06-11-2023,222.0,223.25,215.0,217.15
07-11-2023,217.15,221.65,216.8,219.3
08-11-2023,220.3,220.9,217.6,219.0
09-11-2023,219.0,221.0,217.55,218.8
10-11-2023,218.8,220.5,214.25,217.6
12-11-2023,217.6,220.8,217.6,219.2
13-11-2023,219.2,219.75,213.05,213.7
15-11-2023,215.0,216.75,213.7,214.45
16-11-2023,214.95,215.45,212.0,213.8
17-11-2023,213.8,217.9,213.75,215.5
20-11-2023,216.55,224.8,214.05,215.95
21-11-2023,217.6,239.5,217.55,235.75
22-11-2023,235.75,240.0,227.5,229.6
23-11-2023,231.5,234.3,227.0,228.7
24-11-2023,230.25,233.3,226.0,227.5
28-11-2023,228.0,229.1,225.2,226.05
29-11-2023,227.35,233.9,226.15,232.75
30-11-2023,234.0,236.7,229.5,232.8
01-12-2023,234.2,238.95,228.35,230.7
04-12-2023,234.0,234.3,231.0,233.0
05-12-2023,233.0,258.8,232.95,255.3
06-12-2023,257.85,260.0,251.55,254.6
07-12-2023,253.8,257.4,249.7,250.8
08-12-2023,252.0,257.4,251.05,253.25
11-12-2023,253.25,261.1,252.6,258.6
12-12-2023,259.4,261.25,250.25,252.35
13-12-2023,254.0,255.9,251.7,252.45
14-12-2023,255.0,257.4,252.6,253.85
15-12-2023,253.85,258.7,252.5,253.3
18-12-2023,253.45,264.4,252.45,259.45
19-12-2023,260.35,261.35,255.55,258.4
20-12-2023,259.0,260.0,240.75,241.7
21-12-2023,239.3,248.4,231.0,246.7
22-12-2023,249.1,251.6,248.55,250.0
26-12-2023,250.25,256.55,249.0,253.55
27-12-2023,253.0,256.45,251.4,254.15
28-12-2023,254.0,256.0,248.65,249.9
29-12-2023,250.05,253.5,248.75,249.85
01-01-2024,252.65,254.25,250.7,252.75
02-01-2024,253.9,268.0,250.95,263.45
03-01-2024,264.0,265.95,259.2,260.2
04-01-2024,262.0,269.25,262.0,264.9
05-01-2024,266.75,271.9,259.0,262.2
08-01-2024,263.45,265.2,257.5,259.75
09-01-2024,259.55,262.75,254.0,254.55
10-01-2024,254.1,255.85,251.05,255.4
11-01-2024,256.7,260.75,256.55,258.9
12-01-2024,260.55,260.55,256.4,257.5
15-01-2024,258.5,259.5,254.85,255.75
16-01-2024,256.7,270.6,255.55,260.6
17-01-2024,257.0,263.5,255.5,256.75
18-01-2024,258.0,258.4,246.1,252.8
19-01-2024,254.8,259.65,251.0,255.4
20-01-2024,256.75,268.6,256.55,261.85
23-01-2024,263.4,267.0,250.05,253.25
24-01-2024,255.95,263.45,247.2,259.65
25-01-2024,260.0,265.9,256.1,257.6
29-01-2024,260.8,272.25,258.85,264.75
30-01-2024,264.75,267.7,261.05,262.8
31-01-2024,263.8,267.5,261.5,264.4
01-02-2024,269.95,269.95,258.45,259.65
02-02-2024,260.15,263.35,254.0,254.8
05-02-2024,254.9,257.85,253.1,256.2
06-02-2024,256.65,274.15,256.45,266.45
07-02-2024,266.45,269.6,261.95,264.15
08-02-2024,265.5,265.9,256.65,257.5
09-02-2024,257.5,258.5,248.25,253.6
12-02-2024,251.7,252.9,244.45,246.95
13-02-2024,240.1,246.8,236.5,243.85
14-02-2024,241.85,247.65,240.45,244.35
15-02-2024,245.7,250.9,244.45,247.15
16-02-2024,247.0,249.2,244.9,245.85
19-02-2024,246.15,248.2,245.1,247.0
20-02-2024,246.5,250.8,245.4,246.85
21-02-2024,248.0,249.2,242.1,243.35
22-02-2024,243.1,245.4,238.7,240.85
23-02-2024,240.95,246.5,240.55,244.3
26-02-2024,244.3,248.3,244.1,245.75
27-02-2024,245.85,248.7,242.2,244.9
28-02-2024,244.0,246.4,239.65,240.4
29-02-2024,240.0,249.3,239.5,247.95
01-03-2024,247.95,254.7,246.3,253.15
02-03-2024,253.15,265.8,252.2,262.1
04-03-2024,265.6,270.0,261.0,262.15
05-03-2024,261.05,264.9,256.3,258.5
06-03-2024,258.5,259.2,247.6,254.35
07-03-2024,255.45,294.4,253.95,287.8
11-03-2024,287.0,287.0,271.05,273.2
12-03-2024,273.9,277.25,256.6,258.45
13-03-2024,258.45,263.3,239.05,240.65
14-03-2024,240.6,264.2,239.75,260.5
15-03-2024,260.6,265.9,254.8,259.05
18-03-2024,262.45,268.95,254.05,256.55
19-03-2024,257.0,258.85,245.95,251.3
20-03-2024,251.4,257.9,248.75,253.5
21-03-2024,254.2,257.45,252.8,256.0
22-03-2024,257.0,263.7,255.55,259.9
26-03-2024,259.9,261.45,254.15,256.05
27-03-2024,256.0,260.0,249.0,251.25
28-03-2024,251.6,255.95,249.1,250.5
01-04-2024,250.65,258.0,250.65,256.25
02-04-2024,256.25,268.85,256.25,264.25
03-04-2024,264.95,277.0,262.65,273.9
04-04-2024,274.55,276.8,268.55,273.6
05-04-2024,273.0,278.4,271.05,274.9
08-04-2024,274.95,279.2,268.55,271.55
09-04-2024,271.2,275.95,268.75,271.8
10-04-2024,270.95,284.55,268.4,281.15
12-04-2024,281.1,286.15,276.75,279.2
15-04-2024,271.0,277.1,264.2,272.95
16-04-2024,269.0,281.9,267.5,276.4
18-04-2024,276.5,286.8,275.35,277.15
19-04-2024,275.35,282.1,270.35,280.4
22-04-2024,282.0,287.9,279.55,282.45
23-04-2024,279.55,279.55,268.45,270.9
24-04-2024,272.0,273.2,265.0,265.4
25-04-2024,266.6,273.5,265.45,269.75
26-04-2024,270.0,273.85,267.4,271.35
29-04-2024,271.35,274.0,267.1,268.05
30-04-2024,268.05,269.9,265.4,266.2
02-05-2024,267.95,273.95,265.85,270.6
03-05-2024,271.95,275.85,270.0,272.25
06-05-2024,275.0,277.25,270.65,273.2
07-05-2024,272.0,275.7,266.05,267.95
08-05-2024,267.9,279.0,266.25,273.4
09-05-2024,273.85,273.85,266.4,267.55
10-05-2024,267.55,271.2,267.55,269.6
13-05-2024,268.05,269.0,258.0,262.9
14-05-2024,262.7,266.8,259.3,265.2
15-05-2024,265.15,278.0,265.15,275.7
16-05-2024,280.0,281.8,274.75,276.0
17-05-2024,277.15,280.9,275.25,277.6
18-05-2024,277.6,279.9,275.3,276.5
21-05-2024,278.35,278.35,267.35,271.9
22-05-2024,271.9,273.3,266.9,268.95
23-05-2024,269.6,271.2,265.4,266.65
24-05-2024,267.0,271.15,266.05,267.5
27-05-2024,268.75,268.85,264.0,264.95
28-05-2024,265.0,266.0,259.2,260.8
29-05-2024,260.0,262.15,258.5,260.05
30-05-2024,259.75,261.4,254.25,255.85
31-05-2024,255.0,258.8,253.95,256.85
03-06-2024,266.3,266.8,258.65,260.9
04-06-2024,263.0,263.0,239.75,254.8
05-06-2024,254.6,271.0,247.7,265.65
06-06-2024,267.35,273.0,265.55,266.3
07-06-2024,266.35,285.3,266.35,281.9
10-06-2024,285.05,321.0,284.3,313.25
11-06-2024,315.0,321.85,309.2,317.05
12-06-2024,314.1,328.2,313.9,319.2
13-06-2024,319.5,321.45,312.0,313.35
14-06-2024,315.35,324.8,312.8,320.5
18-06-2024,320.5,335.5,316.0,324.9
19-06-2024,332.0,339.45,325.6,328.0
20-06-2024,331.8,348.25,330.1,339.45
21-06-2024,342.8,344.75,329.45,333.2
